iter	MAE	RMSE
0	8.064786508	11.20770816
1	7.979625064	11.06716678
2	7.888814054	10.92712675
3	7.80484206	10.80367328
4	7.713800618	10.66557517
5	7.653646237	10.56596089
6	7.590616878	10.46767087
7	7.518269596	10.35348389
8	7.449761123	10.24682062
9	7.384468663	10.14995409
10	7.325849137	10.06608802
11	7.272128843	9.983873974
12	7.209390126	9.891459072
13	7.146044914	9.799649946
14	7.096492263	9.716587781
15	7.054291145	9.645196716
16	7.009271941	9.573383631
17	6.967903864	9.505091171
18	6.925181616	9.442819313
19	6.874387168	9.363801137
20	6.840033696	9.305091758
21	6.801178039	9.244395336
22	6.763896929	9.185128403
23	6.724851247	9.124829241
24	6.682273523	9.059371342
25	6.639416592	8.995459567
26	6.606444349	8.942827032
27	6.569401299	8.884302904
28	6.532185393	8.829209724
29	6.497717435	8.773723854
30	6.459075346	8.718067285
31	6.427511645	8.668116616
32	6.393432855	8.619917927
33	6.364288224	8.573943692
34	6.334537225	8.532876677
35	6.31797259	8.501827562
36	6.292794298	8.458067533
37	6.262873033	8.416171149
38	6.232139168	8.36930137
39	6.201030506	8.322442624
40	6.174141563	8.281897861
41	6.154846729	8.252709007
42	6.135298149	8.222754492
43	6.10842307	8.181865202
44	6.087863581	8.15146602
45	6.058193583	8.111631504
46	6.040538539	8.084202736
47	6.018731088	8.053686472
48	5.999404887	8.026081697
49	5.977048776	7.991003004
50	5.959465458	7.963617392
51	5.947706002	7.948408605
52	5.922979099	7.910166242
53	5.909028421	7.885707057
54	5.897314006	7.866969077
55	5.880351073	7.840810728
56	5.866012343	7.817545371
57	5.842294004	7.785713795
58	5.822062162	7.756198345
59	5.802329988	7.728669088
60	5.78618053	7.709005259
61	5.767988449	7.68007672
62	5.750585747	7.6566842
63	5.733035483	7.633093338
64	5.710777136	7.605858796
65	5.697754962	7.58338174
66	5.672758992	7.55030331
67	5.659945196	7.531257568
68	5.655000615	7.524430936
69	5.643245209	7.505926112
70	5.635587339	7.49205866
71	5.628694163	7.482651145
72	5.611598564	7.461325746
73	5.596138715	7.440389946
74	5.578306809	7.414914307
75	5.571524616	7.403085388
76	5.555091631	7.38007577
77	5.535584273	7.354763748
78	5.52391871	7.337296045
79	5.509856389	7.316900465
80	5.491827897	7.292879405
81	5.477287065	7.275079075
82	5.462185261	7.254895263
83	5.447165249	7.234179785
84	5.430073046	7.212885167
85	5.423138245	7.202058293
86	5.415086973	7.189454251
87	5.410221573	7.181679828
88	5.400134954	7.165805694
89	5.38658214	7.147952008
90	5.371152945	7.129814192
91	5.366089806	7.121627244
92	5.355719737	7.107111834
93	5.351346042	7.100655719
94	5.336058284	7.080086508
95	5.327345752	7.066751082
96	5.321434198	7.058865449
97	5.317663841	7.052751933
98	5.309448231	7.039585085
99	5.305672255	7.033194267
100	5.291617869	7.014641224
101	5.286424247	7.006861959
102	5.272261464	6.988281035
103	5.261576229	6.971752856
104	5.244857616	6.950528586
105	5.232550213	6.932765128
106	5.221175772	6.917405108
107	5.210867863	6.902016825
108	5.210047702	6.900717533
109	5.199566357	6.887817877
110	5.191879274	6.877548505
111	5.187398972	6.870244958
112	5.166819077	6.843454476
113	5.155911618	6.829640141
114	5.142630916	6.812167359
115	5.128180826	6.792473628
116	5.125837983	6.788739361
117	5.10888194	6.766582349
118	5.102573545	6.757452769
119	5.09438105	6.746555257
120	5.081771702	6.730170515
121	5.080268852	6.728229348
122	5.075196973	6.721818973
123	5.067616738	6.712336124
124	5.064671693	6.708177323
125	5.059552977	6.70034567
126	5.054306635	6.692335028
127	5.051067358	6.687969262
128	5.041926232	6.675529042
129	5.036831076	6.667362735
130	5.027456284	6.655882066
131	5.016040624	6.64084462
132	4.997802187	6.616402217
133	4.987909462	6.604121231
134	4.973011423	6.584925438
135	4.961171042	6.569653808
136	4.954140254	6.559545012
137	4.946080429	6.548110721
138	4.941784914	6.542143695
139	4.927076909	6.525154855
140	4.916644857	6.512056636
141	4.907378905	6.496711153
142	4.905432068	6.493204607
143	4.901729795	6.486316984
144	4.890794989	6.469621352
145	4.884378197	6.4593733
146	4.878132908	6.449761368
147	4.875722786	6.445702911
148	4.867461211	6.433064801
149	4.858711769	6.420581116
150	4.841874853	6.398983624
151	4.829959634	6.382174132
152	4.822894897	6.372281071
153	4.808499127	6.352847035
154	4.80276564	6.344015224
155	4.797323719	6.335743956
156	4.789220494	6.324024558
157	4.779858191	6.310317565
158	4.772261111	6.299190774
159	4.768871142	6.293583131
160	4.76029387	6.283852464
161	4.753549806	6.274795661
162	4.739700132	6.255266967
163	4.729570671	6.242615617
164	4.714858305	6.223432934
165	4.713300213	6.220273478
166	4.709207604	6.214042555
167	4.707919337	6.211689045
168	4.696741756	6.195360625
169	4.694032959	6.191155929
170	4.692252139	6.188601646
171	4.678911035	6.168458861
172	4.666749344	6.151778789
173	4.660171084	6.142003415
174	4.647627121	6.123595375
175	4.640396036	6.113708655
176	4.628976155	6.098371494
177	4.626857668	6.095093373
178	4.624923592	6.092048053
179	4.614620947	6.077515368
180	4.608419288	6.069142566
181	4.600308378	6.054914694
182	4.589346968	6.040434211
183	4.576574938	6.022633635
184	4.562558146	6.006340525
185	4.557144188	5.999057656
186	4.550940175	5.9908797
187	4.54755905	5.98576002
188	4.535827459	5.969942969
189	4.521838666	5.951913064
190	4.519093682	5.948142736
191	4.504814247	5.927904242
192	4.496595202	5.917584672
193	4.485767009	5.900971183
194	4.475655503	5.885798495
195	4.473816239	5.882189242
196	4.460766797	5.866618209
197	4.451270578	5.851804535
198	4.439178101	5.83844048
199	4.42346773	5.816946819
200	4.41734318	5.808717653
201	4.414917175	5.804924965
202	4.409044136	5.795685029
203	4.396823322	5.78163734
204	4.38603139	5.766333837
205	4.372410949	5.747856188
206	4.3647275	5.736221475
207	4.36323128	5.734338532
208	4.361262619	5.731324768
209	4.358488102	5.726868773
210	4.353848347	5.721071991
211	4.352208248	5.718561321
212	4.340401239	5.701140402
213	4.33602996	5.694402588
214	4.324790593	5.679729974
215	4.323385329	5.677614839
216	4.321189283	5.673931801
217	4.31440819	5.664901041
218	4.311728364	5.661130469
219	4.310243086	5.658307308
220	4.298478104	5.643867292
221	4.285745835	5.625715765
222	4.283796949	5.622733373
223	4.281584344	5.619063427
224	4.274339266	5.608730826
225	4.257283826	5.586476254
226	4.242164985	5.567262582
227	4.24077162	5.565007724
228	4.231745674	5.55146185
229	4.230458504	5.549590654
230	4.227837803	5.545666982
231	4.218023742	5.531133127
232	4.217127324	5.529579515
233	4.215296448	5.527042049
234	4.202482477	5.509222318
235	4.200418482	5.506075435
236	4.195244102	5.498046436
237	4.19364515	5.495358432
238	4.191194822	5.492330871
239	4.176040851	5.47350459
240	4.175140583	5.471638618
241	4.173243299	5.468583207
242	4.171926486	5.466276969
243	4.161916172	5.452322348
244	4.16049498	5.450122839
245	4.150730029	5.436742303
246	4.138270559	5.419763392
247	4.136905495	5.417498793
248	4.134590632	5.414215545
249	4.133136538	5.411594585
250	4.131548821	5.409124599
251	4.118451816	5.390559589
252	4.11814093	5.390134292
253	4.107980894	5.376011829
254	4.106874264	5.374724321
255	4.094877214	5.358112288
256	4.084023592	5.342947478
257	4.071869762	5.327910783
258	4.064651254	5.318728755
259	4.063300432	5.316665684
260	4.055142224	5.305569253
261	4.054858758	5.305150002
262	4.045173018	5.292010958
263	4.04159482	5.288141726
264	4.031003311	5.275315277
265	4.019019059	5.258823361
266	4.010438046	5.247151438
267	4.010261239	5.246830499
268	4.004601411	5.238813671
269	3.993784295	5.224444483
270	3.981490423	5.209007966
271	3.971044403	5.195130693
272	3.97087444	5.194815122
273	3.968817208	5.192202562
274	3.956024751	5.174960252
275	3.955582249	5.174325573
276	3.953755685	5.172014847
277	3.944651837	5.161322214
278	3.944331719	5.160755004
279	3.943464455	5.159817228
280	3.943206305	5.159447604
281	3.942801106	5.15897773
282	3.942500322	5.158559657
283	3.933665302	5.146879249
284	3.924125422	5.135437262
285	3.917786827	5.127068508
286	3.908410381	5.11588121
287	3.899906774	5.104058415
288	3.892970664	5.09328222
289	3.888815006	5.086743037
290	3.888371428	5.086186329
291	3.885970334	5.083284697
292	3.878696636	5.072716607
293	3.87196512	5.063817164
294	3.871752131	5.063486109
295	3.863185188	5.049828068
296	3.855174335	5.037718637
297	3.845922245	5.025981884
298	3.845722716	5.025667487
299	3.836720753	5.014687202
300	3.836329201	5.014144313
301	3.82837576	5.004106234
302	3.820542522	4.992684643
303	3.811220102	4.980155927
304	3.798931464	4.963869599
305	3.787518744	4.949470859
306	3.787226102	4.949008117
307	3.782503626	4.94195062
308	3.781814334	4.940765542
309	3.774812527	4.932650373
310	3.774295273	4.931952119
311	3.766539054	4.921616046
312	3.759605665	4.912619075
313	3.758291733	4.91090835
314	3.751794585	4.901932335
315	3.749603348	4.89851422
316	3.74109272	4.887366828
317	3.740892597	4.887104977
318	3.732916523	4.876772302
319	3.721225315	4.861315836
320	3.716171694	4.853424762
321	3.710203513	4.845272851
322	3.704435101	4.837110655
323	3.694897753	4.824877108
324	3.69452156	4.824499163
325	3.686119915	4.813667601
326	3.678971906	4.803805066
327	3.673478882	4.796048842
328	3.664322828	4.784413551
329	3.653022895	4.767754524
330	3.647376756	4.760248265
331	3.640981216	4.752799322
332	3.64066129	4.752395846
333	3.638680247	4.749935773
334	3.630391303	4.739043558
335	3.621544622	4.72730317
336	3.612901064	4.714920008
337	3.608429246	4.70739557
338	3.599130888	4.695145986
339	3.590938433	4.684287821
340	3.583409317	4.675416114
341	3.582627235	4.67422708
342	3.572904524	4.662571936
343	3.572617718	4.662204674
344	3.572182907	4.661742293
345	3.563795023	4.649867817
346	3.56093601	4.645264783
347	3.56052108	4.644657605
348	3.554261917	4.637153605
349	3.551482318	4.632460828
350	3.551260426	4.632090204
351	3.544027071	4.621912419
352	3.543809385	4.621597747
353	3.541501579	4.618625328
354	3.534757072	4.609159217
355	3.526501586	4.599020973
356	3.525439156	4.597280835
357	3.517439099	4.58619156
358	3.517280441	4.585979866
359	3.511339415	4.5766229
360	3.503158456	4.564568994
361	3.49711878	4.556476924
362	3.49523474	4.553738211
363	3.488938781	4.545592061
364	3.481794085	4.534754852
365	3.473592577	4.52406115
366	3.470271983	4.519265874
367	3.464722419	4.512512011
368	3.46106263	4.50826369
369	3.460918915	4.508080132
370	3.456738254	4.501401429
371	3.455459515	4.499704354
372	3.450820238	4.492791894
373	3.448877751	4.490366541
374	3.442994648	4.482196877
375	3.435458106	4.473181295
376	3.425779011	4.459253274
377	3.419317188	4.449639935
378	3.411704319	4.4397288
379	3.408779043	4.436150024
380	3.402811302	4.427763173
381	3.395199338	4.417335794
382	3.39186488	4.41327891
383	3.385586978	4.404679227
384	3.384466546	4.402961961
385	3.378629291	4.394581984
386	3.369728441	4.382432222
387	3.363046627	4.372980274
388	3.358729277	4.367195086
389	3.352680273	4.359511799
390	3.343834689	4.348764287
391	3.339587698	4.34344113
392	3.33623444	4.338925577
393	3.327379507	4.327220359
394	3.327185001	4.326873234
395	3.32697672	4.326629337
396	3.321539921	4.318136919
397	3.313943541	4.308186714
398	3.305764981	4.297256404
399	3.305634025	4.297089025
400	3.299613843	4.288881897
401	3.297134976	4.285921339
402	3.291416969	4.278633943
403	3.291213299	4.278413363
404	3.291085196	4.27822524
405	3.28609952	4.272632983
406	3.284198901	4.270103038
407	3.278297808	4.262305807
408	3.27391804	4.256443764
409	3.266579741	4.247895582
410	3.266257399	4.247536333
411	3.257039548	4.234245848
412	3.247778424	4.221523612
413	3.247305281	4.220986607
414	3.24674313	4.220021468
415	3.237929838	4.20812726
416	3.233009915	4.200482756
417	3.227225831	4.192415548
418	3.226766412	4.191849862
419	3.221543203	4.1848578
420	3.221211696	4.18436008
421	3.216093927	4.177316665
422	3.215645504	4.176749854
423	3.208393906	4.166415981
424	3.202913227	4.159854696
425	3.198929502	4.154131699
426	3.194291992	4.147403819
427	3.193100491	4.14551281
428	3.192690506	4.1447874
429	3.188228694	4.13799552
430	3.186929767	4.136416361
431	3.186483491	4.135645307
432	3.183996033	4.132568685
433	3.181752305	4.129588571
434	3.173331987	4.117688417
435	3.173137617	4.117495654
436	3.165529256	4.107391754
437	3.160328031	4.100189689
438	3.160190653	4.100042856
439	3.158004378	4.096594024
440	3.15130663	4.087537972
441	3.15097032	4.087241248
442	3.145867785	4.080326158
443	3.145692328	4.080118604
444	3.144659722	4.078672389
445	3.142793297	4.076213859
446	3.142658507	4.076054157
447	3.136893439	4.068727504
448	3.12896051	4.060574975
449	3.120088456	4.049612577
450	3.11495567	4.041755082
451	3.110560078	4.036073601
452	3.101842845	4.025123832
453	3.09770956	4.020216612
454	3.094296725	4.014770298
455	3.093452199	4.013481904
456	3.085882808	4.004467285
457	3.084683836	4.002823064
458	3.084376105	4.00246456
459	3.08417131	4.002254106
460	3.083968745	4.002034397
461	3.083834246	4.00186572
462	3.083379255	4.001183855
463	3.082841356	4.000474127
464	3.075301311	3.990185651
465	3.068757625	3.981507633
466	3.068679203	3.981361867
467	3.068569394	3.981172308
468	3.064789386	3.97648826
469	3.061265732	3.971556843
470	3.05606026	3.964337982
471	3.04991694	3.956989983
472	3.041136659	3.945994167
473	3.036768791	3.940035075
474	3.029599126	3.929976111
475	3.023729522	3.92202426
476	3.016156174	3.91283612
477	3.009740066	3.904497177
478	3.007488177	3.90101111
479	3.00347424	3.896893389
480	2.996040614	3.887090293
481	2.994652001	3.885704904
482	2.989367752	3.879221314
483	2.989146812	3.87899081
484	2.984829203	3.873441612
485	2.983558823	3.871377056
486	2.979354195	3.865346352
487	2.971196126	3.855132258
488	2.964953806	3.846417572
489	2.958308244	3.838281046
490	2.958191329	3.838154439
491	2.950183048	3.827084687
492	2.944654337	3.820556716
493	2.94028274	3.81496514
494	2.936472539	3.809785731
495	2.93300803	3.805224978
496	2.93158553	3.803378327
497	2.924298475	3.794632429
498	2.92011557	3.789036172
499	2.917224323	3.785314118
500	2.910545301	3.777660618
501	2.904682399	3.770497209
502	2.89754391	3.761240909
503	2.89174259	3.752812973
504	2.890085195	3.75068209
505	2.887424795	3.74686776
506	2.881761273	3.739625871
507	2.874296125	3.72883917
508	2.87387387	3.728128112
509	2.870767198	3.723328562
510	2.864906063	3.715490965
511	2.864757796	3.715330745
512	2.858347495	3.707178444
513	2.851039361	3.698027665
514	2.846096562	3.690765332
515	2.845977057	3.690642294
516	2.843056584	3.686033223
517	2.839761942	3.681985278
518	2.834404749	3.67533345
519	2.829433273	3.669806428
520	2.827212679	3.667258339
521	2.82376912	3.662572948
522	2.82164882	3.659934908
523	2.821289638	3.659456411
524	2.815936734	3.652451755
525	2.808097393	3.642764707
526	2.804596526	3.637803364
527	2.798513151	3.630195765
528	2.793787961	3.624257308
529	2.793095921	3.623200834
530	2.788366549	3.616655285
531	2.781844228	3.608730993
532	2.779871302	3.606303971
533	2.777269765	3.60263567
534	2.774008146	3.5978096
535	2.771598527	3.594464673
536	2.767173172	3.589168326
537	2.76150868	3.581407805
538	2.756489015	3.575655706
539	2.75066342	3.567970476
540	2.743286827	3.559120476
541	2.740347296	3.554565037
542	2.737032344	3.550523591
543	2.731154548	3.542697687
544	2.726337827	3.537329935
545	2.722539933	3.532414616
546	2.717267344	3.525036601
547	2.717092802	3.524874744
548	2.716789991	3.52451773
549	2.71253925	3.519007744
550	2.712351018	3.518841748
551	2.707776146	3.512874408
552	2.702627824	3.504886364
553	2.701219928	3.503099841
554	2.700688936	3.502335878
555	2.692317374	3.493011452
556	2.689981315	3.489778417
557	2.689373115	3.488868311
558	2.689233393	3.488722831
559	2.688127458	3.487309356
560	2.687531716	3.486616884
561	2.687455885	3.486491122
562	2.686680653	3.485497763
563	2.67890017	3.475383608
564	2.674811395	3.470286714
565	2.67405461	3.469294553
566	2.673850949	3.469031465
567	2.669499834	3.463815371
568	2.663087432	3.455305243
569	2.656805262	3.446422437
570	2.653641356	3.442655837
571	2.652477489	3.441205809
572	2.647466098	3.434733176
573	2.645010201	3.431320842
574	2.642300966	3.427528484
575	2.638540703	3.422134773
576	2.632439618	3.415144407
577	2.627076758	3.408436416
578	2.62299174	3.402411958
579	2.615314168	3.393895828
580	2.613886227	3.392041191
581	2.613453995	3.391301673
582	2.610184814	3.387297516
583	2.60991253	3.386619632
584	2.606765519	3.382052302
585	2.606325045	3.381193657
586	2.602032952	3.375703494
587	2.601637528	3.375017782
588	2.600422451	3.373618349
589	2.594449781	3.365794462
590	2.591384719	3.361988102
591	2.585212834	3.354419523
592	2.58141547	3.348810326
593	2.579007109	3.34597298
594	2.573878876	3.3398268
595	2.572873403	3.338600223
596	2.567435091	3.331537328
597	2.562430305	3.324843827
598	2.562275039	3.324706211
599	2.55730453	3.31908864
600	2.556562084	3.318258086
601	2.553759112	3.313790126
602	2.552362655	3.312052967
603	2.551902726	3.311578266
604	2.551367546	3.3107629
605	2.549277562	3.307904747
606	2.546816678	3.304264225
607	2.542279511	3.297970894
608	2.535139959	3.288080444
609	2.534322755	3.286836453
610	2.531379769	3.282816845
611	2.527080207	3.277397569
612	2.523163255	3.271823379
613	2.519167598	3.267182891
614	2.513905387	3.260657034
615	2.513832393	3.260522432
616	2.511647395	3.258051233
617	2.505945709	3.250865147
618	2.503267786	3.247538407
619	2.49749467	3.240167477
620	2.491567993	3.232426707
621	2.489211528	3.229779208
622	2.485687674	3.224849063
623	2.484779557	3.223685162
624	2.480750603	3.218149012
625	2.476731608	3.213356002
626	2.473500464	3.209883936
627	2.468576896	3.204047473
628	2.465962473	3.200333701
629	2.465723418	3.200087428
630	2.458737291	3.192035739
631	2.458267583	3.191402306
632	2.454224036	3.187049268
633	2.453658175	3.186408827
634	2.44933108	3.181018556
635	2.445233488	3.175422302
636	2.438662949	3.167727675
637	2.435133818	3.163683554
638	2.434673891	3.163212097
639	2.434073546	3.162504377
640	2.433121179	3.161197743
641	2.428486152	3.154939746
642	2.427676381	3.153953963
643	2.42492342	3.150639617
644	2.421347032	3.146106261
645	2.416267347	3.139776565
646	2.416152648	3.139668098
647	2.4145186	3.137279033
648	2.408853473	3.130478139
649	2.40877782	3.130385908
650	2.404943686	3.124984369
651	2.398337283	3.116954735
652	2.398094591	3.116752508
653	2.391595633	3.107684207
654	2.384616473	3.098966982
655	2.382434406	3.096563242
656	2.381887815	3.096068174
657	2.376136407	3.088543874
658	2.37299175	3.085167903
659	2.372631176	3.084528149
660	2.37104666	3.082772588
661	2.367476013	3.076870723
662	2.364528656	3.073277032
663	2.359761836	3.067634036
664	2.359468343	3.06729253
665	2.356904286	3.063204752
666	2.351760568	3.057227816
667	2.351508474	3.056956253
668	2.347953147	3.052886482
669	2.343767119	3.047566446
670	2.338943921	3.041947888
671	2.337053035	3.039107711
672	2.333390791	3.034154448
673	2.333272	3.034033286
674	2.327973682	3.026759889
675	2.324493873	3.022121275
676	2.32157043	3.017965572
677	2.319060273	3.014816123
678	2.315009871	3.009698629
679	2.314107806	3.008703411
680	2.312966763	3.007526209
681	2.312843964	3.007440409
682	2.30873897	3.002161412
683	2.302889873	2.994204338
684	2.302263287	2.993469088
685	2.301578267	2.99239912
686	2.299539812	2.989927105
687	2.297505452	2.987624247
688	2.292451621	2.981634018
689	2.29206181	2.981188174
690	2.287237073	2.974566038
691	2.286810579	2.97391521
692	2.283373186	2.969729522
693	2.277869809	2.961927648
694	2.277798314	2.961842162
695	2.277102748	2.961056394
696	2.275178342	2.958497743
697	2.27255959	2.955466889
698	2.268304986	2.949148984
699	2.264465852	2.944841387
700	2.259368841	2.937411691
701	2.257681197	2.935254187
702	2.257232434	2.934499016
703	2.254833827	2.931361092
704	2.254723799	2.931262338
705	2.25443721	2.930757171
706	2.250118298	2.925161196
707	2.247412058	2.921834928
708	2.247228944	2.921355597
709	2.245714608	2.919201734
710	2.245649474	2.919145019
711	2.242550468	2.914409187
712	2.240933269	2.912016048
713	2.23731124	2.907339565
714	2.234082998	2.902269623
715	2.233615606	2.901446173
716	2.229076268	2.894986288
717	2.226084606	2.891658193
718	2.224895093	2.889919479
719	2.22090197	2.885003681
720	2.218628673	2.881937841
721	2.214605378	2.87663108
722	2.209960934	2.86976692
723	2.205889217	2.864392137
724	2.203830726	2.861731316
725	2.200182761	2.856843743
726	2.196968274	2.853442435
727	2.194860092	2.849887481
728	2.193400492	2.847737141
729	2.190775396	2.843594109
730	2.186504305	2.838164179
731	2.181442225	2.831925781
732	2.181112111	2.831574204
733	2.176376924	2.826244335
734	2.172482538	2.821141671
735	2.172005006	2.820312151
736	2.168403542	2.816270474
737	2.166678693	2.814245096
738	2.163965973	2.810598535
739	2.159419959	2.804725436
740	2.156221331	2.800342925
741	2.155755272	2.799761149
742	2.151976318	2.795531802
743	2.151690139	2.795079655
744	2.151624004	2.79502607
745	2.148111512	2.790753689
746	2.144142372	2.785808832
747	2.143725531	2.785246435
748	2.142449498	2.783331113
749	2.137919559	2.777436105
750	2.137582488	2.777028998
751	2.137133396	2.776485717
752	2.133673535	2.772269185
753	2.133262921	2.771837286
754	2.1293939	2.76666609
755	2.127965617	2.764747559
756	2.127280974	2.764024084
757	2.126505411	2.762961063
758	2.12416915	2.759959328
759	2.123470667	2.758767528
760	2.120515307	2.754684093
761	2.115713341	2.748589769
762	2.115266636	2.747918848
763	2.114072318	2.746717324
764	2.111294089	2.742769282
765	2.107458589	2.737615425
766	2.102558173	2.731269994
767	2.10234835	2.731095463
768	2.099492994	2.727562889
769	2.095592678	2.722480324
770	2.091659171	2.717207935
771	2.088636953	2.713890075
772	2.086717462	2.711450625
773	2.082330028	2.706038326
774	2.078675066	2.701309958
775	2.076970292	2.699707557
776	2.075146689	2.697519919
777	2.071626969	2.692738775
778	2.068837895	2.689745861
779	2.065532956	2.685064337
780	2.061500704	2.680128238
781	2.058989483	2.676475033
782	2.05872519	2.676109219
783	2.055024047	2.671967981
784	2.053082207	2.669403431
785	2.051816876	2.66783812
786	2.048692932	2.663653994
787	2.04650489	2.660844079
788	2.046306326	2.660699697
789	2.041924742	2.655131392
790	2.041555498	2.654663909
791	2.03658572	2.648879721
792	2.03647864	2.64868847
793	2.036064838	2.648258285
794	2.033867092	2.645451467
795	2.028987588	2.639490698
796	2.028524527	2.638631283
797	2.022562081	2.631005276
798	2.021887879	2.630148253
799	2.018293359	2.62559165
800	2.01733429	2.624259028
801	2.014830566	2.620958072
802	2.011785061	2.616831881
803	2.008412328	2.612157537
804	2.007876335	2.611427116
805	2.007315297	2.610607274
806	2.006886452	2.610069973
807	2.003537412	2.606257183
808	2.003065963	2.605644516
809	1.999942949	2.60144119
810	1.996896065	2.598240514
811	1.993910358	2.593921695
812	1.990755605	2.590239462
813	1.986888421	2.585429552
814	1.983774914	2.581582492
815	1.980653663	2.576982694
816	1.980475983	2.576743345
817	1.976446605	2.571537231
818	1.974910739	2.569379123
819	1.971774098	2.565731885
820	1.971443528	2.565254116
821	1.969711032	2.562925404
822	1.969632575	2.562865346
823	1.969294476	2.562404465
824	1.967147309	2.559586847
825	1.965387101	2.557364323
826	1.962955297	2.554176168
827	1.960274408	2.550457213
828	1.958316525	2.547983035
829	1.956233066	2.54521987
830	1.953862787	2.542061331
831	1.952632611	2.540364856
832	1.948917167	2.5353986
833	1.94612412	2.530759368
834	1.944469058	2.528437261
835	1.944267622	2.528080624
836	1.939954941	2.522558562
837	1.93764141	2.519641025
838	1.935098818	2.516543329
839	1.934899172	2.516295281
840	1.930699636	2.510612471
841	1.9285569	2.507789859
842	1.926778922	2.505382893
843	1.92397739	2.501808655
844	1.921108641	2.498351027
845	1.920989031	2.498250172
846	1.919846273	2.496729551
847	1.917772529	2.494217415
848	1.917345077	2.493546697
849	1.917136767	2.493240037
850	1.91687658	2.492783638
851	1.912723093	2.486817248
852	1.909115142	2.481780393
853	1.908910099	2.481466889
854	1.907245867	2.478736609
855	1.905825182	2.476779068
856	1.905274519	2.475810097
857	1.903290154	2.473355373
858	1.900743778	2.470503732
859	1.900560647	2.469973342
860	1.900505344	2.469932508
861	1.897080111	2.464766434
862	1.896176996	2.463877432
863	1.89607585	2.463790977
864	1.893878318	2.461284444
865	1.89043487	2.456246799
866	1.885452075	2.449324333
867	1.882318509	2.445983604
868	1.879065064	2.441729475
869	1.876911527	2.438369505
870	1.874332733	2.435430542
871	1.87411582	2.435222195
872	1.873977456	2.434920552
873	1.87192586	2.432724971
874	1.86778917	2.427436384
875	1.863771063	2.422192443
876	1.860815969	2.418591524
877	1.859203302	2.416784329
878	1.858838261	2.416361447
879	1.858656505	2.416040399
880	1.856388686	2.413505311
881	1.855209841	2.412058673
882	1.854991955	2.411717486
883	1.852071822	2.408088984
884	1.851892643	2.407773625
885	1.848708479	2.404049954
886	1.845728457	2.400417303
887	1.843070385	2.396974628
888	1.840537082	2.393563798
889	1.84026372	2.393111433
890	1.838958037	2.391479032
891	1.837910577	2.389882671
892	1.83774754	2.389689761
893	1.835709876	2.387187789
894	1.835428659	2.386775472
895	1.830657902	2.380753061
896	1.828107318	2.376983922
897	1.827437021	2.376111248
898	1.827261501	2.375878402
899	1.825036255	2.37340423
900	1.821784789	2.369346655
901	1.821221904	2.368638399
902	1.820812899	2.368144411
903	1.819323716	2.366178576
904	1.816403005	2.362628579
905	1.813869525	2.359195154
906	1.812580951	2.357688688
907	1.811325291	2.355800875
908	1.810241203	2.354465668
909	1.806163994	2.349533452
910	1.802309822	2.344512803
911	1.798729032	2.339693665
912	1.797778842	2.338548513
913	1.796000695	2.336383008
914	1.793184738	2.333204618
915	1.792992908	2.332869894
916	1.789657979	2.32904878
917	1.785905885	2.324524274
918	1.784379575	2.321945879
919	1.784217482	2.32167241
920	1.783856995	2.321135276
921	1.782390261	2.319211118
922	1.778631271	2.314466411
923	1.774102575	2.308974658
924	1.773829127	2.308655782
925	1.771710538	2.305802267
926	1.771075657	2.304728524
927	1.769191268	2.302305369
928	1.766395427	2.29842989
929	1.765430393	2.297207638
930	1.762832506	2.294388765
931	1.760075253	2.290911844
932	1.757207367	2.287318298
933	1.753762096	2.283405946
934	1.750093221	2.279267941
935	1.747522432	2.276622457
936	1.745263207	2.273491191
937	1.742709954	2.27002559
938	1.740649717	2.267430392
939	1.738220173	2.264342689
940	1.737231257	2.262978575
941	1.733242726	2.258178425
942	1.732041937	2.256707902
943	1.730593173	2.254723395
944	1.7289189	2.252671281
945	1.72884682	2.252590042
946	1.725837588	2.248877824
947	1.722632635	2.244620863
948	1.720724244	2.241913372
949	1.715892581	2.234674328
950	1.715722315	2.234436487
951	1.715396134	2.233875128
952	1.712760112	2.230387581
953	1.712252763	2.229686109
954	1.709005319	2.225736335
955	1.70555189	2.221290322
956	1.702732726	2.217778007
957	1.697825927	2.211012256
958	1.694545253	2.205952049
959	1.692216043	2.20337242
960	1.689626001	2.200161193
961	1.687708293	2.197672105
962	1.685350789	2.194841842
963	1.685106923	2.194533732
964	1.681027358	2.188561162
965	1.679262849	2.186470726
966	1.679223553	2.186436122
967	1.676297045	2.183029804
968	1.67362362	2.179814004
969	1.670960184	2.175943363
970	1.670085616	2.174983707
971	1.667063703	2.170748612
972	1.666501122	2.169906056
973	1.664417239	2.167321002
974	1.662346769	2.164873644
975	1.659178723	2.160699822
976	1.655785873	2.155925721
977	1.653587896	2.152571235
978	1.652753938	2.151386057
979	1.652144301	2.150531606
980	1.651849421	2.150103655
981	1.648859049	2.146471456
982	1.648499484	2.145901858
983	1.647267653	2.144226995
984	1.647212999	2.144115253
985	1.644519664	2.140783788
986	1.643226528	2.138793408
987	1.640985885	2.136040342
988	1.640834185	2.13593208
989	1.638458749	2.132915675
990	1.636557715	2.130215935
991	1.634715707	2.128240226
992	1.634481926	2.127886639
993	1.633759437	2.126938248
994	1.63038997	2.123003792
995	1.626750081	2.117500344
996	1.625446993	2.115990779
997	1.622442561	2.112630155
998	1.622346797	2.112552779
999	1.620237411	2.10984105
368
2995881
